[
   {
     "cdn": 1.4220095772e+10,
     "p2p": 1.4780142e+09,
     "total": 1.5698109972e+10,
     "percentage": 10,
     "manifest": "wowza-test.streamroot.io/liveOrigin/Sintel1/playlist.m3u8",
     "trafficPercentage": 22.544178675317735,
     "maxViewers": 12,
     "averageViewers": 1.2571428571428571,
     "live": "true"
   },
   {
     "cdn": 1.065433648e+10,
     "p2p": 1.21676932e+09,
     "total": 1.18711058e+10,
     "percentage": 11,
     "manifest": "wowza-test-beluga.streamroot.io/liveOrigin/TOS720p_baseline/playlist.m3u8",
     "trafficPercentage": 17.048188011559983,
     "maxViewers": 7,
     "averageViewers": 1.0909090909090908,
     "live": "true"
   },
   {
     "cdn": 9.334375808e+09,
     "p2p": 4.04459284e+08,
     "total": 9.738835092e+09,
     "percentage": 5,
     "manifest": "wowza-cloudfront.streamroot.io/liveorigin/stream4/playlist.m3u8",
     "trafficPercentage": 13.98601734827383,
     "maxViewers": 5,
     "averageViewers": 1.2439024390243902,
     "live": "true"
   },
   {
     "cdn": 5.13402932e+09,
     "p2p": 7.9419118e+08,
     "total": 5.9282205e+09,
     "percentage": 14,
     "manifest": "wowza-test-cloudfront.streamroot.io/liveOrigin/sintel-live.smil/playlist.m3u8",
     "trafficPercentage": 8.513563888714069,
     "maxViewers": 8,
     "averageViewers": 1.4545454545454546,
     "live": "true"
   },
   {
     "cdn": 4.181019948e+09,
     "p2p": 4.50936456e+08,
     "total": 4.631956404e+09,
     "percentage": 10,
     "manifest": "hss-m05.live-aka.canal-plus.com/live/hss/cnews-clair-hd/hd-clair.isml/manifest",
     "trafficPercentage": 6.651988868361471,
     "maxViewers": 5,
     "averageViewers": 1.5,
     "live": "true"
   },
   {
     "cdn": 3.5424751e+09,
     "p2p": 9.61865968e+08,
     "total": 4.504341068e+09,
     "percentage": 22,
     "manifest": "wowza-test-cloudfront.streamroot.io/liveOrigin/Sintel1/playlist.m3u8",
     "trafficPercentage": 6.468719484873507,
     "maxViewers": 10,
     "averageViewers": 1.375,
     "live": "true"
   },
   {
     "cdn": 3.419319892e+09,
     "p2p": 1.44111068e+08,
     "total": 3.56343096e+09,
     "percentage": 5,
     "manifest": "wowza-test.streamroot.io/liveOrigin/sintel-live.smil/playlist.m3u8",
     "trafficPercentage": 5.117471109750675,
     "maxViewers": 7,
     "averageViewers": 1.8461538461538463,
     "live": "true"
   },
   {
     "cdn": 2.646648772e+09,
     "p2p": 8.786368e+06,
     "total": 2.65543514e+09,
     "percentage": 1,
     "manifest": "ios-test",
     "trafficPercentage": 3.8134912014029148,
     "maxViewers": 3,
     "averageViewers": 1.0625,
     "live": "true"
   },
   {
     "cdn": 1.431734836e+09,
     "p2p": 8.3003792e+07,
     "total": 1.514738628e+09,
     "percentage": 6,
     "manifest": "wowza-test.streamroot.io/liveOriginVariable/bbb1000-var/playlist.m3u8",
     "trafficPercentage": 2.1753280068076237,
     "maxViewers": 4,
     "averageViewers": 1.25,
     "live": "true"
   },
   {
     "cdn": 9.70708624e+08,
     "p2p": 5.14704568e+08,
     "total": 1.485413192e+09,
     "percentage": 35,
     "manifest": "wowza-test-cloudfront.streamroot.io/vodOrigin/tos1500.mp4/playlist.m3u8",
     "trafficPercentage": 2.133213518496942,
     "maxViewers": 4,
     "averageViewers": 1.8,
     "live": "false"
   },
   {
     "cdn": 1.040112236e+09,
     "p2p": 1.55801628e+08,
     "total": 1.195913864e+09,
     "percentage": 14,
     "manifest": "wowza-test.streamroot.io/vodOrigin/sw12M.mp4/playlist.m3u8",
     "trafficPercentage": 1.717461266253998,
     "maxViewers": 5,
     "averageViewers": 4,
     "live": "false"
   },
   {
     "cdn": 8.50162815e+08,
     "p2p": 1.30469824e+08,
     "total": 9.80632639e+08,
     "percentage": 14,
     "manifest": "wowza-test.streamroot.io/liveOrigin/sintel-live.smil/manifest.mpd",
     "trafficPercentage": 1.408294212991028,
     "maxViewers": 6,
     "averageViewers": 2,
     "live": "true"
   },
   {
     "cdn": 8.53745724e+08,
     "p2p": 1.20677828e+08,
     "total": 9.74423552e+08,
     "percentage": 13,
     "manifest": "wowza-test.streamroot.io/liveOriginTimestamps/bbb_30fps_live.smil/playlist.m3u8",
     "trafficPercentage": 1.3993772945219727,
     "maxViewers": 5,
     "averageViewers": 2,
     "live": "true"
   },
   {
     "cdn": 9.00776996e+08,
     "p2p": 0,
     "total": 9.00776996e+08,
     "percentage": 0,
     "manifest": "wowza-test-cloudfront.streamroot.io/vodOrigin/tos.smil/playlist.m3u8",
     "trafficPercentage": 1.293612898664943,
     "maxViewers": 5,
     "averageViewers": 1.8333333333333333,
     "live": "false"
   },
   {
     "cdn": 7.26066561e+08,
     "p2p": 8.0171824e+07,
     "total": 8.06238385e+08,
     "percentage": 10,
     "manifest": "hss-od-mycanal-l3-test.canal-plus.com/d2g/cplay/CPLAY_18629_VM_SSE/18629_h264.ism/manifest",
     "trafficPercentage": 1.1578452589999226,
     "maxViewers": 2,
     "averageViewers": 1.25,
     "live": "false"
   },
   {
     "cdn": 7.35932736e+08,
     "p2p": 5.2627568e+07,
     "total": 7.88560304e+08,
     "percentage": 7,
     "manifest": "testseven-i.akamaihd.net/hls/live/263687/test1/master.m3u8",
     "trafficPercentage": 1.132457628424548,
     "maxViewers": 7,
     "averageViewers": 2,
     "live": "true"
   },
   {
     "cdn": 6.04907748e+08,
     "p2p": 0,
     "total": 6.04907748e+08,
     "percentage": 0,
     "manifest": "192.168.0.149/nab/snow/playlist.m3u8",
     "trafficPercentage": 0.868712754422031,
     "maxViewers": 3,
     "averageViewers": 1.5,
     "live": "true"
   },
   {
     "cdn": 3.88742828e+08,
     "p2p": 1.8588406e+08,
     "total": 5.74626888e+08,
     "percentage": 33,
     "manifest": "wowza-test-cloudfront.streamroot.io/liveOrigin/BBB-bl-1500/playlist.m3u8",
     "trafficPercentage": 0.825226174222255,
     "maxViewers": 4,
     "averageViewers": 2,
     "live": "true"
   },
   {
     "cdn": 2.55197404e+08,
     "p2p": 0,
     "total": 2.55197404e+08,
     "percentage": 0,
     "manifest": "wowza-test.streamroot.io/vodOrigin/tos.smil/playlist.m3u8",
     "trafficPercentage": 0.3664909905405805,
     "maxViewers": 4,
     "averageViewers": 2,
     "live": "false"
   },
   {
     "cdn": 1.92026676e+08,
     "p2p": 2.7633276e+07,
     "total": 2.19659952e+08,
     "percentage": 13,
     "manifest": "wowza-test.streamroot.io/vodOrigin/tos1500.mp4/playlist.m3u8",
     "trafficPercentage": 0.3154553774010035,
     "maxViewers": 4,
     "averageViewers": 1,
     "live": "false"
   },
   {
     "cdn": 2.12787236e+08,
     "p2p": 0,
     "total": 2.12787236e+08,
     "percentage": 0,
     "manifest": "wowza-test-cloudfront.streamroot.io/vodOrigin/sw12M.mp4/playlist.m3u8",
     "trafficPercentage": 0.3055854161276353,
     "maxViewers": 1,
     "averageViewers": 1,
     "live": "false"
   },
   {
     "cdn": 1.58139396e+08,
     "p2p": 0,
     "total": 1.58139396e+08,
     "percentage": 0,
     "manifest": "wowza-test.streamroot.io/liveOrigin/Sintel_baseline30/playlist.m3u8",
     "trafficPercentage": 0.22710522511243536,
     "maxViewers": 5,
     "averageViewers": 1,
     "live": "true"
   },
   {
     "cdn": 7.3467392e+07,
     "p2p": 0,
     "total": 7.3467392e+07,
     "percentage": 0,
     "manifest": "wowza-test-cloudfront.streamroot.io/liveOriginTimestamps/bbb_30fps_live_5levels.smil/playlist.m3u8",
     "trafficPercentage": 0.10550709703345225,
     "maxViewers": 1,
     "averageViewers": 1,
     "live": "true"
   },
   {
     "cdn": 6.7642964e+07,
     "p2p": 0,
     "total": 6.7642964e+07,
     "percentage": 0,
     "manifest": "wowza-cloudfront.streamroot.io/vodOriginSite/tears_of_steel720p.mp4/playlist.m3u8",
     "trafficPercentage": 0.09714259036687076,
     "maxViewers": 2,
     "averageViewers": 1.5,
     "live": "false"
   },
   {
     "cdn": 5.6907036e+07,
     "p2p": 0,
     "total": 5.6907036e+07,
     "percentage": 0,
     "manifest": "wowza-test-cloudfront.streamroot.io/liveOrigin/TOS720p_baseline/playlist.m3u8",
     "trafficPercentage": 0.08172464008438139,
     "maxViewers": 1,
     "averageViewers": 1,
     "live": "true"
   },
   {
     "cdn": 4.9153728e+07,
     "p2p": 0,
     "total": 4.9153728e+07,
     "percentage": 0,
     "manifest": "wowza-test-cloudfront.streamroot.io/vodwithsub/tos1500.mp4/playlist.m3u8",
     "trafficPercentage": 0.0705900537431888,
     "maxViewers": 3,
     "averageViewers": 3,
     "live": "false"
   },
   {
     "cdn": 3.5851792e+07,
     "p2p": 620020,
     "total": 3.6471812e+07,
     "percentage": 2,
     "manifest": "wowza-test-beluga.streamroot.io/vodOrigin/tos1500.mp4/playlist.m3u8",
     "trafficPercentage": 0.052377454853301836,
     "maxViewers": 3,
     "averageViewers": 3,
     "live": "false"
   },
   {
     "cdn": 2.393804e+07,
     "p2p": 0,
     "total": 2.393804e+07,
     "percentage": 0,
     "manifest": "test",
     "trafficPercentage": 0.03437760672204972,
     "maxViewers": 2,
     "averageViewers": 1,
     "live": "true"
   },
   {
     "cdn": 2.0127092e+07,
     "p2p": 0,
     "total": 2.0127092e+07,
     "percentage": 0,
     "manifest": "wowza-test-beluga.streamroot.io/liveOrigin/sintel-live.smil/playlist.m3u8",
     "trafficPercentage": 0.028904674452649968,
     "maxViewers": 1,
     "averageViewers": 1,
     "live": "true"
   },
   {
     "cdn": 1.3170904e+07,
     "p2p": 5.640752e+06,
     "total": 1.8811656e+07,
     "percentage": 30,
     "manifest": "wowza-test-beluga.streamroot.io/liveOrigin/Sintel1/playlist.m3u8",
     "trafficPercentage": 0.02701556651081237,
     "maxViewers": 2,
     "averageViewers": 2,
     "live": "true"
   },
   {
     "cdn": 1.6249216e+07,
     "p2p": 0,
     "total": 1.6249216e+07,
     "percentage": 0,
     "manifest": "wowza-test.streamroot.io/liveOrigin/BBB-bl-1500/playlist.m3u8",
     "trafficPercentage": 0.02333562635828321,
     "maxViewers": 1,
     "averageViewers": 1,
     "live": "true"
   },
   {
     "cdn": 6.434112e+06,
     "p2p": 0,
     "total": 6.434112e+06,
     "percentage": 0,
     "manifest": "toto",
     "trafficPercentage": 0.009240078633907403,
     "maxViewers": 1,
     "averageViewers": 1,
     "live": "true"
   }
 ]
